code,name
000001,测试股票001
000002,测试股票002
000003,测试股票003
000004,测试股票004
000005,测试股票005
000006,测试股票006
000007,测试股票007
000008,测试股票008
000009,测试股票009
000010,测试股票010
000011,测试股票011
000012,测试股票012
000013,测试股票013
000014,测试股票014
000015,测试股票015
000016,测试股票016
000017,测试股票017
000018,测试股票018
000019,测试股票019
000020,测试股票020
000021,测试股票021
000022,测试股票022
000023,测试股票023
000024,测试股票024
000025,测试股票025
000026,测试股票026
000027,测试股票027
000028,测试股票028
000029,测试股票029
000030,测试股票030
000031,测试股票031
000032,测试股票032
000033,测试股票033
000034,测试股票034
000035,测试股票035
000036,测试股票036
000037,测试股票037
000038,测试股票038
000039,测试股票039
000040,测试股票040
000041,测试股票041
000042,测试股票042
000043,测试股票043
000044,测试股票044
000045,测试股票045
000046,测试股票046
000047,测试股票047
000048,测试股票048
000049,测试股票049
000050,测试股票050
000051,测试股票051
000052,测试股票052
000053,测试股票053
000054,测试股票054
000055,测试股票055
000056,测试股票056
000057,测试股票057
000058,测试股票058
000059,测试股票059
000060,测试股票060
000061,测试股票061
000062,测试股票062
000063,测试股票063
000064,测试股票064
000065,测试股票065
000066,测试股票066
000067,测试股票067
000068,测试股票068
000069,测试股票069
000070,测试股票070
000071,测试股票071
000072,测试股票072
000073,测试股票073
000074,测试股票074
000075,测试股票075
000076,测试股票076
000077,测试股票077
000078,测试股票078
000079,测试股票079
000080,测试股票080
000081,测试股票081
000082,测试股票082
000083,测试股票083
000084,测试股票084
000085,测试股票085
000086,测试股票086
000087,测试股票087
000088,测试股票088
000089,测试股票089
000090,测试股票090
000091,测试股票091
000092,测试股票092
000093,测试股票093
000094,测试股票094
000095,测试股票095
000096,测试股票096
000097,测试股票097
000098,测试股票098
000099,测试股票099
000100,测试股票100
000101,测试股票101
000102,测试股票102
000103,测试股票103
000104,测试股票104
000105,测试股票105
000106,测试股票106
000107,测试股票107
000108,测试股票108
000109,测试股票109
000110,测试股票110
000111,测试股票111
000112,测试股票112
000113,测试股票113
000114,测试股票114
000115,测试股票115
000116,测试股票116
000117,测试股票117
000118,测试股票118
000119,测试股票119
000120,测试股票120
000121,测试股票121
000122,测试股票122
000123,测试股票123
000124,测试股票124
000125,测试股票125
000126,测试股票126
000127,测试股票127
000128,测试股票128
000129,测试股票129
000130,测试股票130
000131,测试股票131
000132,测试股票132
000133,测试股票133
000134,测试股票134
000135,测试股票135
000136,测试股票136
000137,测试股票137
000138,测试股票138
000139,测试股票139
000140,测试股票140
000141,测试股票141
000142,测试股票142
000143,测试股票143
000144,测试股票144
000145,测试股票145
000146,测试股票146
000147,测试股票147
000148,测试股票148
000149,测试股票149
000150,测试股票150
000151,测试股票151
000152,测试股票152
000153,测试股票153
000154,测试股票154
000155,测试股票155
000156,测试股票156
000157,测试股票157
000158,测试股票158
000159,测试股票159
000160,测试股票160
000161,测试股票161
000162,测试股票162
000163,测试股票163
000164,测试股票164
000165,测试股票165
000166,测试股票166
000167,测试股票167
000168,测试股票168
000169,测试股票169
000170,测试股票170
000171,测试股票171
000172,测试股票172
000173,测试股票173
000174,测试股票174
000175,测试股票175
000176,测试股票176
000177,测试股票177
000178,测试股票178
000179,测试股票179
000180,测试股票180
000181,测试股票181
000182,测试股票182
000183,测试股票183
000184,测试股票184
000185,测试股票185
000186,测试股票186
000187,测试股票187
000188,测试股票188
000189,测试股票189
000190,测试股票190
000191,测试股票191
000192,测试股票192
000193,测试股票193
000194,测试股票194
000195,测试股票195
000196,测试股票196
000197,测试股票197
000198,测试股票198
000199,测试股票199
000200,测试股票200
